Version,Device,Clock_Period_nsec,Latency_msec,Synthesis_Time_sec,BRAM_Utilization_percentage,DSP_Utilization_percentage,FF_Utilization_percentage,LUT_Utilization_percentage,Array_1,Array_2,Array_3,Array_4,Array_5,Array_6,Array_7,Array_8,Array_9,Array_10,Array_11,Array_12,Array_13,Array_14,Array_15,Array_16,Array_17,Array_18,Array_19,Array_20,Array_21,Array_22,OuterLoop_1,OuterLoop_2,OuterLoop_3,OuterLoop_4,OuterLoop_5,OuterLoop_6,OuterLoop_7,OuterLoop_8,OuterLoop_9,OuterLoop_10,OuterLoop_11,OuterLoop_12,OuterLoop_13,OuterLoop_14,OuterLoop_15,OuterLoop_16,OuterLoop_17,OuterLoop_18,OuterLoop_19,OuterLoop_20,OuterLoop_21,OuterLoop_22,OuterLoop_23,OuterLoop_24,OuterLoop_25,OuterLoop_26,InnerLoop_1_1,InnerLoop_1_2,InnerLoop_1_3,InnerLoop_1_4,InnerLoop_1_5,InnerLoop_1_6,InnerLoop_1_7,InnerLoop_1_8,InnerLoop_1_9,InnerLoop_1_10,InnerLoop_1_11,InnerLoop_1_12,InnerLoop_1_13,InnerLoop_1_14,InnerLoop_1_15,InnerLoop_1_16,InnerLoop_2_1,InnerLoop_2_2,InnerLoop_2_3,InnerLoop_2_4,InnerLoop_2_5,InnerLoop_2_6,InnerLoop_2_7,InnerLoop_3_1,InnerLoop_3_2,InnerLoop_3_3,InnerLoop_3_4,InnerLoop_3_5,InnerLoop_4_1,InnerLoop_4_2
workload_0.cpp,xczu7ev-ffvc1156-2-e,10,0.05211,70,1,0,0,1,NDIR,NDIR,NDIR,NDIR,NDIR,NDIR,NDIR,NDIR,NDIR,NDIR,NDIR,NDIR,NDIR,NDIR,NDIR,NDIR,NDIR,NDIR,NDIR,NDIR,NDIR,NDIR,pipeline_1,NDIR,NDIR,NDIR,NDIR,NDIR,NDIR,NDIR,NDIR,NDIR,NDIR,NDIR,NDIR,NDIR,NDIR,NDIR,NDIR,NDIR,NDIR,NDIR,NDIR,NDIR,NDIR,NDIR,NDIR,NDIR,NDIR,NDIR,NDIR,NDIR,NDIR,NDIR,NDIR,NDIR,NDIR,NDIR,NDIR,NDIR,NDIR,NDIR,NDIR,NDIR,NDIR,NDIR,NDIR,NDIR,NDIR,NDIR,NDIR,NDIR,NDIR,NDIR,NDIR,NDIR,NDIR,NDIR
workload_1.cpp,xczu7ev-ffvc1156-2-e,10,0.38925,70,1,0,0,1,NDIR,NDIR,NDIR,NDIR,NDIR,NDIR,NDIR,NDIR,NDIR,NDIR,NDIR,NDIR,NDIR,NDIR,NDIR,NDIR,NDIR,NDIR,NDIR,NDIR,NDIR,NDIR,unroll_2,NDIR,NDIR,NDIR,NDIR,NDIR,NDIR,NDIR,NDIR,NDIR,NDIR,NDIR,NDIR,NDIR,NDIR,NDIR,NDIR,NDIR,NDIR,NDIR,NDIR,NDIR,NDIR,NDIR,NDIR,NDIR,NDIR,NDIR,NDIR,NDIR,NDIR,NDIR,NDIR,NDIR,NDIR,NDIR,NDIR,NDIR,NDIR,NDIR,NDIR,NDIR,NDIR,NDIR,NDIR,NDIR,NDIR,NDIR,NDIR,NDIR,NDIR,NDIR,NDIR,NDIR,NDIR,NDIR
workload_2.cpp,xczu7ev-ffvc1156-2-e,10,0.13581,76,1,0,0,1,NDIR,NDIR,NDIR,NDIR,NDIR,NDIR,NDIR,NDIR,NDIR,NDIR,NDIR,NDIR,NDIR,NDIR,NDIR,NDIR,NDIR,NDIR,NDIR,NDIR,NDIR,NDIR,unroll_8,NDIR,NDIR,NDIR,NDIR,NDIR,NDIR,NDIR,NDIR,NDIR,NDIR,NDIR,NDIR,NDIR,NDIR,NDIR,NDIR,NDIR,NDIR,NDIR,NDIR,NDIR,NDIR,NDIR,NDIR,NDIR,NDIR,NDIR,NDIR,NDIR,NDIR,NDIR,NDIR,NDIR,NDIR,NDIR,NDIR,NDIR,NDIR,NDIR,NDIR,NDIR,NDIR,NDIR,NDIR,NDIR,NDIR,NDIR,NDIR,NDIR,NDIR,NDIR,NDIR,NDIR,NDIR,NDIR
workload_3.cpp,xczu7ev-ffvc1156-2-e,10,0.10701,87,1,1,1,2,NDIR,NDIR,NDIR,NDIR,NDIR,NDIR,NDIR,NDIR,NDIR,NDIR,NDIR,NDIR,NDIR,NDIR,NDIR,NDIR,NDIR,NDIR,NDIR,NDIR,NDIR,NDIR,unroll_16,NDIR,NDIR,NDIR,NDIR,NDIR,NDIR,NDIR,NDIR,NDIR,NDIR,NDIR,NDIR,NDIR,NDIR,NDIR,NDIR,NDIR,NDIR,NDIR,NDIR,NDIR,NDIR,NDIR,NDIR,NDIR,NDIR,NDIR,NDIR,NDIR,NDIR,NDIR,NDIR,NDIR,NDIR,NDIR,NDIR,NDIR,NDIR,NDIR,NDIR,NDIR,NDIR,NDIR,NDIR,NDIR,NDIR,NDIR,NDIR,NDIR,NDIR,NDIR,NDIR,NDIR,NDIR,NDIR
workload_4.cpp,xczu7ev-ffvc1156-2-e,10,0.05211,60,1,0,0,1,NDIR,NDIR,NDIR,NDIR,NDIR,NDIR,NDIR,NDIR,NDIR,NDIR,NDIR,NDIR,NDIR,NDIR,NDIR,NDIR,NDIR,NDIR,NDIR,NDIR,NDIR,NDIR,pipeline,NDIR,NDIR,NDIR,NDIR,NDIR,NDIR,NDIR,NDIR,NDIR,NDIR,NDIR,NDIR,NDIR,NDIR,NDIR,NDIR,NDIR,NDIR,NDIR,NDIR,NDIR,NDIR,NDIR,NDIR,NDIR,NDIR,NDIR,NDIR,NDIR,NDIR,NDIR,NDIR,NDIR,NDIR,NDIR,NDIR,NDIR,NDIR,NDIR,NDIR,NDIR,NDIR,NDIR,NDIR,NDIR,NDIR,NDIR,NDIR,NDIR,NDIR,NDIR,NDIR,NDIR,NDIR,NDIR
workload_5.cpp,xczu7ev-ffvc1156-2-e,10,0.22029,62,1,0,0,1,NDIR,NDIR,NDIR,NDIR,NDIR,NDIR,NDIR,NDIR,NDIR,NDIR,NDIR,NDIR,NDIR,NDIR,NDIR,NDIR,NDIR,NDIR,NDIR,NDIR,NDIR,NDIR,unroll_4,NDIR,NDIR,NDIR,NDIR,NDIR,NDIR,NDIR,NDIR,NDIR,NDIR,NDIR,NDIR,NDIR,NDIR,NDIR,NDIR,NDIR,NDIR,NDIR,NDIR,NDIR,NDIR,NDIR,NDIR,NDIR,NDIR,NDIR,NDIR,NDIR,NDIR,NDIR,NDIR,NDIR,NDIR,NDIR,NDIR,NDIR,NDIR,NDIR,NDIR,NDIR,NDIR,NDIR,NDIR,NDIR,NDIR,NDIR,NDIR,NDIR,NDIR,NDIR,NDIR,NDIR,NDIR,NDIR
workload_6.cpp,xczu7ev-ffvc1156-2-e,10,0.28173,106,1,4,3,5,NDIR,NDIR,NDIR,NDIR,NDIR,NDIR,NDIR,NDIR,NDIR,NDIR,NDIR,NDIR,NDIR,NDIR,NDIR,NDIR,NDIR,NDIR,NDIR,NDIR,NDIR,NDIR,unroll_32,NDIR,NDIR,NDIR,NDIR,NDIR,NDIR,NDIR,NDIR,NDIR,NDIR,NDIR,NDIR,NDIR,NDIR,NDIR,NDIR,NDIR,NDIR,NDIR,NDIR,NDIR,NDIR,NDIR,NDIR,NDIR,NDIR,NDIR,NDIR,NDIR,NDIR,NDIR,NDIR,NDIR,NDIR,NDIR,NDIR,NDIR,NDIR,NDIR,NDIR,NDIR,NDIR,NDIR,NDIR,NDIR,NDIR,NDIR,NDIR,NDIR,NDIR,NDIR,NDIR,NDIR,NDIR,NDIR
workload_7.cpp,xczu7ev-ffvc1156-2-e,10,0.33421,209,1,4,5,6,NDIR,NDIR,NDIR,NDIR,NDIR,NDIR,NDIR,NDIR,NDIR,NDIR,NDIR,NDIR,NDIR,NDIR,NDIR,NDIR,NDIR,NDIR,NDIR,NDIR,NDIR,NDIR,unroll_64,NDIR,NDIR,NDIR,NDIR,NDIR,NDIR,NDIR,NDIR,NDIR,NDIR,NDIR,NDIR,NDIR,NDIR,NDIR,NDIR,NDIR,NDIR,NDIR,NDIR,NDIR,NDIR,NDIR,NDIR,NDIR,NDIR,NDIR,NDIR,NDIR,NDIR,NDIR,NDIR,NDIR,NDIR,NDIR,NDIR,NDIR,NDIR,NDIR,NDIR,NDIR,NDIR,NDIR,NDIR,NDIR,NDIR,NDIR,NDIR,NDIR,NDIR,NDIR,NDIR,NDIR,NDIR,NDIR
workload_8.cpp,xczu7ev-ffvc1156-2-e,5,0.335425,60,1,0,0,1,NDIR,NDIR,NDIR,NDIR,NDIR,NDIR,NDIR,NDIR,NDIR,NDIR,NDIR,NDIR,NDIR,NDIR,NDIR,NDIR,NDIR,NDIR,NDIR,NDIR,NDIR,NDIR,unroll_2,NDIR,NDIR,NDIR,NDIR,NDIR,NDIR,NDIR,NDIR,NDIR,NDIR,NDIR,NDIR,NDIR,NDIR,NDIR,NDIR,NDIR,NDIR,NDIR,NDIR,NDIR,NDIR,NDIR,NDIR,NDIR,NDIR,NDIR,NDIR,NDIR,NDIR,NDIR,NDIR,NDIR,NDIR,NDIR,NDIR,NDIR,NDIR,NDIR,NDIR,NDIR,NDIR,NDIR,NDIR,NDIR,NDIR,NDIR,NDIR,NDIR,NDIR,NDIR,NDIR,NDIR,NDIR,NDIR
workload_9.cpp,xczu7ev-ffvc1156-2-e,5,0.026315,61,1,0,0,1,NDIR,NDIR,NDIR,NDIR,NDIR,NDIR,NDIR,NDIR,NDIR,NDIR,NDIR,NDIR,NDIR,NDIR,NDIR,NDIR,NDIR,NDIR,NDIR,NDIR,NDIR,NDIR,pipeline_1,NDIR,NDIR,NDIR,NDIR,NDIR,NDIR,NDIR,NDIR,NDIR,NDIR,NDIR,NDIR,NDIR,NDIR,NDIR,NDIR,NDIR,NDIR,NDIR,NDIR,NDIR,NDIR,NDIR,NDIR,NDIR,NDIR,NDIR,NDIR,NDIR,NDIR,NDIR,NDIR,NDIR,NDIR,NDIR,NDIR,NDIR,NDIR,NDIR,NDIR,NDIR,NDIR,NDIR,NDIR,NDIR,NDIR,NDIR,NDIR,NDIR,NDIR,NDIR,NDIR,NDIR,NDIR,NDIR
workload_10.cpp,xczu7ev-ffvc1156-2-e,5,0.103105,72,1,0,0,1,NDIR,NDIR,NDIR,NDIR,NDIR,NDIR,NDIR,NDIR,NDIR,NDIR,NDIR,NDIR,NDIR,NDIR,NDIR,NDIR,NDIR,NDIR,NDIR,NDIR,NDIR,NDIR,unroll_8,NDIR,NDIR,NDIR,NDIR,NDIR,NDIR,NDIR,NDIR,NDIR,NDIR,NDIR,NDIR,NDIR,NDIR,NDIR,NDIR,NDIR,NDIR,NDIR,NDIR,NDIR,NDIR,NDIR,NDIR,NDIR,NDIR,NDIR,NDIR,NDIR,NDIR,NDIR,NDIR,NDIR,NDIR,NDIR,NDIR,NDIR,NDIR,NDIR,NDIR,NDIR,NDIR,NDIR,NDIR,NDIR,NDIR,NDIR,NDIR,NDIR,NDIR,NDIR,NDIR,NDIR,NDIR,NDIR
workload_11.cpp,xczu7ev-ffvc1156-2-e,5,0.066945,98,1,0,1,2,NDIR,NDIR,NDIR,NDIR,NDIR,NDIR,NDIR,NDIR,NDIR,NDIR,NDIR,NDIR,NDIR,NDIR,NDIR,NDIR,NDIR,NDIR,NDIR,NDIR,NDIR,NDIR,unroll_16,NDIR,NDIR,NDIR,NDIR,NDIR,NDIR,NDIR,NDIR,NDIR,NDIR,NDIR,NDIR,NDIR,NDIR,NDIR,NDIR,NDIR,NDIR,NDIR,NDIR,NDIR,NDIR,NDIR,NDIR,NDIR,NDIR,NDIR,NDIR,NDIR,NDIR,NDIR,NDIR,NDIR,NDIR,NDIR,NDIR,NDIR,NDIR,NDIR,NDIR,NDIR,NDIR,NDIR,NDIR,NDIR,NDIR,NDIR,NDIR,NDIR,NDIR,NDIR,NDIR,NDIR,NDIR,NDIR
workload_12.cpp,xczu7ev-ffvc1156-2-e,5,0.026315,63,1,0,0,1,NDIR,NDIR,NDIR,NDIR,NDIR,NDIR,NDIR,NDIR,NDIR,NDIR,NDIR,NDIR,NDIR,NDIR,NDIR,NDIR,NDIR,NDIR,NDIR,NDIR,NDIR,NDIR,pipeline,NDIR,NDIR,NDIR,NDIR,NDIR,NDIR,NDIR,NDIR,NDIR,NDIR,NDIR,NDIR,NDIR,NDIR,NDIR,NDIR,NDIR,NDIR,NDIR,NDIR,NDIR,NDIR,NDIR,NDIR,NDIR,NDIR,NDIR,NDIR,NDIR,NDIR,NDIR,NDIR,NDIR,NDIR,NDIR,NDIR,NDIR,NDIR,NDIR,NDIR,NDIR,NDIR,NDIR,NDIR,NDIR,NDIR,NDIR,NDIR,NDIR,NDIR,NDIR,NDIR,NDIR,NDIR,NDIR
workload_13.cpp,xczu7ev-ffvc1156-2-e,5,0.180545,64,1,0,0,1,NDIR,NDIR,NDIR,NDIR,NDIR,NDIR,NDIR,NDIR,NDIR,NDIR,NDIR,NDIR,NDIR,NDIR,NDIR,NDIR,NDIR,NDIR,NDIR,NDIR,NDIR,NDIR,unroll_4,NDIR,NDIR,NDIR,NDIR,NDIR,NDIR,NDIR,NDIR,NDIR,NDIR,NDIR,NDIR,NDIR,NDIR,NDIR,NDIR,NDIR,NDIR,NDIR,NDIR,NDIR,NDIR,NDIR,NDIR,NDIR,NDIR,NDIR,NDIR,NDIR,NDIR,NDIR,NDIR,NDIR,NDIR,NDIR,NDIR,NDIR,NDIR,NDIR,NDIR,NDIR,NDIR,NDIR,NDIR,NDIR,NDIR,NDIR,NDIR,NDIR,NDIR,NDIR,NDIR,NDIR,NDIR,NDIR
workload_14.cpp,xczu7ev-ffvc1156-2-e,5,0.166625,114,1,9,6,9,NDIR,NDIR,NDIR,NDIR,NDIR,NDIR,NDIR,NDIR,NDIR,NDIR,NDIR,NDIR,NDIR,NDIR,NDIR,NDIR,NDIR,NDIR,NDIR,NDIR,NDIR,NDIR,unroll_32,NDIR,NDIR,NDIR,NDIR,NDIR,NDIR,NDIR,NDIR,NDIR,NDIR,NDIR,NDIR,NDIR,NDIR,NDIR,NDIR,NDIR,NDIR,NDIR,NDIR,NDIR,NDIR,NDIR,NDIR,NDIR,NDIR,NDIR,NDIR,NDIR,NDIR,NDIR,NDIR,NDIR,NDIR,NDIR,NDIR,NDIR,NDIR,NDIR,NDIR,NDIR,NDIR,NDIR,NDIR,NDIR,NDIR,NDIR,NDIR,NDIR,NDIR,NDIR,NDIR,NDIR,NDIR,NDIR
workload_15.cpp,xczu7ev-ffvc1156-2-e,5,0.203185,222,1,8,7,10,NDIR,NDIR,NDIR,NDIR,NDIR,NDIR,NDIR,NDIR,NDIR,NDIR,NDIR,NDIR,NDIR,NDIR,NDIR,NDIR,NDIR,NDIR,NDIR,NDIR,NDIR,NDIR,unroll_64,NDIR,NDIR,NDIR,NDIR,NDIR,NDIR,NDIR,NDIR,NDIR,NDIR,NDIR,NDIR,NDIR,NDIR,NDIR,NDIR,NDIR,NDIR,NDIR,NDIR,NDIR,NDIR,NDIR,NDIR,NDIR,NDIR,NDIR,NDIR,NDIR,NDIR,NDIR,NDIR,NDIR,NDIR,NDIR,NDIR,NDIR,NDIR,NDIR,NDIR,NDIR,NDIR,NDIR,NDIR,NDIR,NDIR,NDIR,NDIR,NDIR,NDIR,NDIR,NDIR,NDIR,NDIR,NDIR
workload_16.cpp,xczu7ev-ffvc1156-2-e,3.33,0.01777221,41,1,0,0,1,NDIR,NDIR,NDIR,NDIR,NDIR,NDIR,NDIR,NDIR,NDIR,NDIR,NDIR,NDIR,NDIR,NDIR,NDIR,NDIR,NDIR,NDIR,NDIR,NDIR,NDIR,NDIR,pipeline,NDIR,NDIR,NDIR,NDIR,NDIR,NDIR,NDIR,NDIR,NDIR,NDIR,NDIR,NDIR,NDIR,NDIR,NDIR,NDIR,NDIR,NDIR,NDIR,NDIR,NDIR,NDIR,NDIR,NDIR,NDIR,NDIR,NDIR,NDIR,NDIR,NDIR,NDIR,NDIR,NDIR,NDIR,NDIR,NDIR,NDIR,NDIR,NDIR,NDIR,NDIR,NDIR,NDIR,NDIR,NDIR,NDIR,NDIR,NDIR,NDIR,NDIR,NDIR,NDIR,NDIR,NDIR,NDIR
workload_17.cpp,xczu7ev-ffvc1156-2-e,3.33,0.01777221,42,1,0,0,1,NDIR,NDIR,NDIR,NDIR,NDIR,NDIR,NDIR,NDIR,NDIR,NDIR,NDIR,NDIR,NDIR,NDIR,NDIR,NDIR,NDIR,NDIR,NDIR,NDIR,NDIR,NDIR,pipeline_1,NDIR,NDIR,NDIR,NDIR,NDIR,NDIR,NDIR,NDIR,NDIR,NDIR,NDIR,NDIR,NDIR,NDIR,NDIR,NDIR,NDIR,NDIR,NDIR,NDIR,NDIR,NDIR,NDIR,NDIR,NDIR,NDIR,NDIR,NDIR,NDIR,NDIR,NDIR,NDIR,NDIR,NDIR,NDIR,NDIR,NDIR,NDIR,NDIR,NDIR,NDIR,NDIR,NDIR,NDIR,NDIR,NDIR,NDIR,NDIR,NDIR,NDIR,NDIR,NDIR,NDIR,NDIR,NDIR
workload_18.cpp,xczu7ev-ffvc1156-2-e,3.33,0.35297001,44,1,0,0,1,NDIR,NDIR,NDIR,NDIR,NDIR,NDIR,NDIR,NDIR,NDIR,NDIR,NDIR,NDIR,NDIR,NDIR,NDIR,NDIR,NDIR,NDIR,NDIR,NDIR,NDIR,NDIR,unroll_2,NDIR,NDIR,NDIR,NDIR,NDIR,NDIR,NDIR,NDIR,NDIR,NDIR,NDIR,NDIR,NDIR,NDIR,NDIR,NDIR,NDIR,NDIR,NDIR,NDIR,NDIR,NDIR,NDIR,NDIR,NDIR,NDIR,NDIR,NDIR,NDIR,NDIR,NDIR,NDIR,NDIR,NDIR,NDIR,NDIR,NDIR,NDIR,NDIR,NDIR,NDIR,NDIR,NDIR,NDIR,NDIR,NDIR,NDIR,NDIR,NDIR,NDIR,NDIR,NDIR,NDIR,NDIR,NDIR
workload_19.cpp,xczu7ev-ffvc1156-2-e,3.33,0.18503145000000001,44,1,0,0,1,NDIR,NDIR,NDIR,NDIR,NDIR,NDIR,NDIR,NDIR,NDIR,NDIR,NDIR,NDIR,NDIR,NDIR,NDIR,NDIR,NDIR,NDIR,NDIR,NDIR,NDIR,NDIR,unroll_4,NDIR,NDIR,NDIR,NDIR,NDIR,NDIR,NDIR,NDIR,NDIR,NDIR,NDIR,NDIR,NDIR,NDIR,NDIR,NDIR,NDIR,NDIR,NDIR,NDIR,NDIR,NDIR,NDIR,NDIR,NDIR,NDIR,NDIR,NDIR,NDIR,NDIR,NDIR,NDIR,NDIR,NDIR,NDIR,NDIR,NDIR,NDIR,NDIR,NDIR,NDIR,NDIR,NDIR,NDIR,NDIR,NDIR,NDIR,NDIR,NDIR,NDIR,NDIR,NDIR,NDIR,NDIR,NDIR
workload_20.cpp,xczu7ev-ffvc1156-2-e,3.33,0.10106216999999999,48,1,0,1,2,NDIR,NDIR,NDIR,NDIR,NDIR,NDIR,NDIR,NDIR,NDIR,NDIR,NDIR,NDIR,NDIR,NDIR,NDIR,NDIR,NDIR,NDIR,NDIR,NDIR,NDIR,NDIR,unroll_8,NDIR,NDIR,NDIR,NDIR,NDIR,NDIR,NDIR,NDIR,NDIR,NDIR,NDIR,NDIR,NDIR,NDIR,NDIR,NDIR,NDIR,NDIR,NDIR,NDIR,NDIR,NDIR,NDIR,NDIR,NDIR,NDIR,NDIR,NDIR,NDIR,NDIR,NDIR,NDIR,NDIR,NDIR,NDIR,NDIR,NDIR,NDIR,NDIR,NDIR,NDIR,NDIR,NDIR,NDIR,NDIR,NDIR,NDIR,NDIR,NDIR,NDIR,NDIR,NDIR,NDIR,NDIR,NDIR
workload_21.cpp,xczu7ev-ffvc1156-2-e,3.33,0.060782489999999995,61,1,0,1,2,NDIR,NDIR,NDIR,NDIR,NDIR,NDIR,NDIR,NDIR,NDIR,NDIR,NDIR,NDIR,NDIR,NDIR,NDIR,NDIR,NDIR,NDIR,NDIR,NDIR,NDIR,NDIR,unroll_16,NDIR,NDIR,NDIR,NDIR,NDIR,NDIR,NDIR,NDIR,NDIR,NDIR,NDIR,NDIR,NDIR,NDIR,NDIR,NDIR,NDIR,NDIR,NDIR,NDIR,NDIR,NDIR,NDIR,NDIR,NDIR,NDIR,NDIR,NDIR,NDIR,NDIR,NDIR,NDIR,NDIR,NDIR,NDIR,NDIR,NDIR,NDIR,NDIR,NDIR,NDIR,NDIR,NDIR,NDIR,NDIR,NDIR,NDIR,NDIR,NDIR,NDIR,NDIR,NDIR,NDIR,NDIR,NDIR
workload_22.cpp,xczu7ev-ffvc1156-2-e,3.33,0.14421897,75,1,14,10,13,NDIR,NDIR,NDIR,NDIR,NDIR,NDIR,NDIR,NDIR,NDIR,NDIR,NDIR,NDIR,NDIR,NDIR,NDIR,NDIR,NDIR,NDIR,NDIR,NDIR,NDIR,NDIR,unroll_32,NDIR,NDIR,NDIR,NDIR,NDIR,NDIR,NDIR,NDIR,NDIR,NDIR,NDIR,NDIR,NDIR,NDIR,NDIR,NDIR,NDIR,NDIR,NDIR,NDIR,NDIR,NDIR,NDIR,NDIR,NDIR,NDIR,NDIR,NDIR,NDIR,NDIR,NDIR,NDIR,NDIR,NDIR,NDIR,NDIR,NDIR,NDIR,NDIR,NDIR,NDIR,NDIR,NDIR,NDIR,NDIR,NDIR,NDIR,NDIR,NDIR,NDIR,NDIR,NDIR,NDIR,NDIR,NDIR
workload_23.cpp,xczu7ev-ffvc1156-2-e,3.33,0.19723257,161,1,7,8,9,NDIR,NDIR,NDIR,NDIR,NDIR,NDIR,NDIR,NDIR,NDIR,NDIR,NDIR,NDIR,NDIR,NDIR,NDIR,NDIR,NDIR,NDIR,NDIR,NDIR,NDIR,NDIR,unroll_64,NDIR,NDIR,NDIR,NDIR,NDIR,NDIR,NDIR,NDIR,NDIR,NDIR,NDIR,NDIR,NDIR,NDIR,NDIR,NDIR,NDIR,NDIR,NDIR,NDIR,NDIR,NDIR,NDIR,NDIR,NDIR,NDIR,NDIR,NDIR,NDIR,NDIR,NDIR,NDIR,NDIR,NDIR,NDIR,NDIR,NDIR,NDIR,NDIR,NDIR,NDIR,NDIR,NDIR,NDIR,NDIR,NDIR,NDIR,NDIR,NDIR,NDIR,NDIR,NDIR,NDIR,NDIR,NDIR
workload_24.cpp,xcu200-fsgd2104-2-e,10,0.05193,58,0,0,0,0,NDIR,NDIR,NDIR,NDIR,NDIR,NDIR,NDIR,NDIR,NDIR,NDIR,NDIR,NDIR,NDIR,NDIR,NDIR,NDIR,NDIR,NDIR,NDIR,NDIR,NDIR,NDIR,pipeline_1,NDIR,NDIR,NDIR,NDIR,NDIR,NDIR,NDIR,NDIR,NDIR,NDIR,NDIR,NDIR,NDIR,NDIR,NDIR,NDIR,NDIR,NDIR,NDIR,NDIR,NDIR,NDIR,NDIR,NDIR,NDIR,NDIR,NDIR,NDIR,NDIR,NDIR,NDIR,NDIR,NDIR,NDIR,NDIR,NDIR,NDIR,NDIR,NDIR,NDIR,NDIR,NDIR,NDIR,NDIR,NDIR,NDIR,NDIR,NDIR,NDIR,NDIR,NDIR,NDIR,NDIR,NDIR,NDIR
workload_25.cpp,xcu200-fsgd2104-2-e,10,0.28685,60,0,0,0,0,NDIR,NDIR,NDIR,NDIR,NDIR,NDIR,NDIR,NDIR,NDIR,NDIR,NDIR,NDIR,NDIR,NDIR,NDIR,NDIR,NDIR,NDIR,NDIR,NDIR,NDIR,NDIR,unroll_2,NDIR,NDIR,NDIR,NDIR,NDIR,NDIR,NDIR,NDIR,NDIR,NDIR,NDIR,NDIR,NDIR,NDIR,NDIR,NDIR,NDIR,NDIR,NDIR,NDIR,NDIR,NDIR,NDIR,NDIR,NDIR,NDIR,NDIR,NDIR,NDIR,NDIR,NDIR,NDIR,NDIR,NDIR,NDIR,NDIR,NDIR,NDIR,NDIR,NDIR,NDIR,NDIR,NDIR,NDIR,NDIR,NDIR,NDIR,NDIR,NDIR,NDIR,NDIR,NDIR,NDIR,NDIR,NDIR
workload_26.cpp,xcu200-fsgd2104-2-e,10,0.12685,66,0,0,0,0,NDIR,NDIR,NDIR,NDIR,NDIR,NDIR,NDIR,NDIR,NDIR,NDIR,NDIR,NDIR,NDIR,NDIR,NDIR,NDIR,NDIR,NDIR,NDIR,NDIR,NDIR,NDIR,unroll_8,NDIR,NDIR,NDIR,NDIR,NDIR,NDIR,NDIR,NDIR,NDIR,NDIR,NDIR,NDIR,NDIR,NDIR,NDIR,NDIR,NDIR,NDIR,NDIR,NDIR,NDIR,NDIR,NDIR,NDIR,NDIR,NDIR,NDIR,NDIR,NDIR,NDIR,NDIR,NDIR,NDIR,NDIR,NDIR,NDIR,NDIR,NDIR,NDIR,NDIR,NDIR,NDIR,NDIR,NDIR,NDIR,NDIR,NDIR,NDIR,NDIR,NDIR,NDIR,NDIR,NDIR,NDIR,NDIR
workload_27.cpp,xcu200-fsgd2104-2-e,10,0.10189,83,0,0,0,0,NDIR,NDIR,NDIR,NDIR,NDIR,NDIR,NDIR,NDIR,NDIR,NDIR,NDIR,NDIR,NDIR,NDIR,NDIR,NDIR,NDIR,NDIR,NDIR,NDIR,NDIR,NDIR,unroll_16,NDIR,NDIR,NDIR,NDIR,NDIR,NDIR,NDIR,NDIR,NDIR,NDIR,NDIR,NDIR,NDIR,NDIR,NDIR,NDIR,NDIR,NDIR,NDIR,NDIR,NDIR,NDIR,NDIR,NDIR,NDIR,NDIR,NDIR,NDIR,NDIR,NDIR,NDIR,NDIR,NDIR,NDIR,NDIR,NDIR,NDIR,NDIR,NDIR,NDIR,NDIR,NDIR,NDIR,NDIR,NDIR,NDIR,NDIR,NDIR,NDIR,NDIR,NDIR,NDIR,NDIR,NDIR,NDIR
workload_28.cpp,xcu200-fsgd2104-2-e,10,0.05193,56,0,0,0,0,NDIR,NDIR,NDIR,NDIR,NDIR,NDIR,NDIR,NDIR,NDIR,NDIR,NDIR,NDIR,NDIR,NDIR,NDIR,NDIR,NDIR,NDIR,NDIR,NDIR,NDIR,NDIR,pipeline,NDIR,NDIR,NDIR,NDIR,NDIR,NDIR,NDIR,NDIR,NDIR,NDIR,NDIR,NDIR,NDIR,NDIR,NDIR,NDIR,NDIR,NDIR,NDIR,NDIR,NDIR,NDIR,NDIR,NDIR,NDIR,NDIR,NDIR,NDIR,NDIR,NDIR,NDIR,NDIR,NDIR,NDIR,NDIR,NDIR,NDIR,NDIR,NDIR,NDIR,NDIR,NDIR,NDIR,NDIR,NDIR,NDIR,NDIR,NDIR,NDIR,NDIR,NDIR,NDIR,NDIR,NDIR,NDIR
workload_29.cpp,xcu200-fsgd2104-2-e,10,0.16909,63,0,0,0,0,NDIR,NDIR,NDIR,NDIR,NDIR,NDIR,NDIR,NDIR,NDIR,NDIR,NDIR,NDIR,NDIR,NDIR,NDIR,NDIR,NDIR,NDIR,NDIR,NDIR,NDIR,NDIR,unroll_4,NDIR,NDIR,NDIR,NDIR,NDIR,NDIR,NDIR,NDIR,NDIR,NDIR,NDIR,NDIR,NDIR,NDIR,NDIR,NDIR,NDIR,NDIR,NDIR,NDIR,NDIR,NDIR,NDIR,NDIR,NDIR,NDIR,NDIR,NDIR,NDIR,NDIR,NDIR,NDIR,NDIR,NDIR,NDIR,NDIR,NDIR,NDIR,NDIR,NDIR,NDIR,NDIR,NDIR,NDIR,NDIR,NDIR,NDIR,NDIR,NDIR,NDIR,NDIR,NDIR,NDIR,NDIR,NDIR
workload_30.cpp,xcu200-fsgd2104-2-e,10,0.22605,99,0,0,0,0,NDIR,NDIR,NDIR,NDIR,NDIR,NDIR,NDIR,NDIR,NDIR,NDIR,NDIR,NDIR,NDIR,NDIR,NDIR,NDIR,NDIR,NDIR,NDIR,NDIR,NDIR,NDIR,unroll_32,NDIR,NDIR,NDIR,NDIR,NDIR,NDIR,NDIR,NDIR,NDIR,NDIR,NDIR,NDIR,NDIR,NDIR,NDIR,NDIR,NDIR,NDIR,NDIR,NDIR,NDIR,NDIR,NDIR,NDIR,NDIR,NDIR,NDIR,NDIR,NDIR,NDIR,NDIR,NDIR,NDIR,NDIR,NDIR,NDIR,NDIR,NDIR,NDIR,NDIR,NDIR,NDIR,NDIR,NDIR,NDIR,NDIR,NDIR,NDIR,NDIR,NDIR,NDIR,NDIR,NDIR,NDIR,NDIR
workload_31.cpp,xcu200-fsgd2104-2-e,10,0.30029,217,0,0,0,0,NDIR,NDIR,NDIR,NDIR,NDIR,NDIR,NDIR,NDIR,NDIR,NDIR,NDIR,NDIR,NDIR,NDIR,NDIR,NDIR,NDIR,NDIR,NDIR,NDIR,NDIR,NDIR,unroll_64,NDIR,NDIR,NDIR,NDIR,NDIR,NDIR,NDIR,NDIR,NDIR,NDIR,NDIR,NDIR,NDIR,NDIR,NDIR,NDIR,NDIR,NDIR,NDIR,NDIR,NDIR,NDIR,NDIR,NDIR,NDIR,NDIR,NDIR,NDIR,NDIR,NDIR,NDIR,NDIR,NDIR,NDIR,NDIR,NDIR,NDIR,NDIR,NDIR,NDIR,NDIR,NDIR,NDIR,NDIR,NDIR,NDIR,NDIR,NDIR,NDIR,NDIR,NDIR,NDIR,NDIR,NDIR,NDIR
workload_32.cpp,xcu200-fsgd2104-2-e,5,0.026135,59,0,0,0,0,NDIR,NDIR,NDIR,NDIR,NDIR,NDIR,NDIR,NDIR,NDIR,NDIR,NDIR,NDIR,NDIR,NDIR,NDIR,NDIR,NDIR,NDIR,NDIR,NDIR,NDIR,NDIR,pipeline_1,NDIR,NDIR,NDIR,NDIR,NDIR,NDIR,NDIR,NDIR,NDIR,NDIR,NDIR,NDIR,NDIR,NDIR,NDIR,NDIR,NDIR,NDIR,NDIR,NDIR,NDIR,NDIR,NDIR,NDIR,NDIR,NDIR,NDIR,NDIR,NDIR,NDIR,NDIR,NDIR,NDIR,NDIR,NDIR,NDIR,NDIR,NDIR,NDIR,NDIR,NDIR,NDIR,NDIR,NDIR,NDIR,NDIR,NDIR,NDIR,NDIR,NDIR,NDIR,NDIR,NDIR,NDIR,NDIR
workload_33.cpp,xcu200-fsgd2104-2-e,5,0.227905,61,0,0,0,0,NDIR,NDIR,NDIR,NDIR,NDIR,NDIR,NDIR,NDIR,NDIR,NDIR,NDIR,NDIR,NDIR,NDIR,NDIR,NDIR,NDIR,NDIR,NDIR,NDIR,NDIR,NDIR,unroll_2,NDIR,NDIR,NDIR,NDIR,NDIR,NDIR,NDIR,NDIR,NDIR,NDIR,NDIR,NDIR,NDIR,NDIR,NDIR,NDIR,NDIR,NDIR,NDIR,NDIR,NDIR,NDIR,NDIR,NDIR,NDIR,NDIR,NDIR,NDIR,NDIR,NDIR,NDIR,NDIR,NDIR,NDIR,NDIR,NDIR,NDIR,NDIR,NDIR,NDIR,NDIR,NDIR,NDIR,NDIR,NDIR,NDIR,NDIR,NDIR,NDIR,NDIR,NDIR,NDIR,NDIR,NDIR,NDIR
workload_34.cpp,xcu200-fsgd2104-2-e,5,0.076225,73,0,0,0,0,NDIR,NDIR,NDIR,NDIR,NDIR,NDIR,NDIR,NDIR,NDIR,NDIR,NDIR,NDIR,NDIR,NDIR,NDIR,NDIR,NDIR,NDIR,NDIR,NDIR,NDIR,NDIR,unroll_8,NDIR,NDIR,NDIR,NDIR,NDIR,NDIR,NDIR,NDIR,NDIR,NDIR,NDIR,NDIR,NDIR,NDIR,NDIR,NDIR,NDIR,NDIR,NDIR,NDIR,NDIR,NDIR,NDIR,NDIR,NDIR,NDIR,NDIR,NDIR,NDIR,NDIR,NDIR,NDIR,NDIR,NDIR,NDIR,NDIR,NDIR,NDIR,NDIR,NDIR,NDIR,NDIR,NDIR,NDIR,NDIR,NDIR,NDIR,NDIR,NDIR,NDIR,NDIR,NDIR,NDIR,NDIR,NDIR
workload_35.cpp,xcu200-fsgd2104-2-e,5,0.057345,89,0,0,0,0,NDIR,NDIR,NDIR,NDIR,NDIR,NDIR,NDIR,NDIR,NDIR,NDIR,NDIR,NDIR,NDIR,NDIR,NDIR,NDIR,NDIR,NDIR,NDIR,NDIR,NDIR,NDIR,unroll_16,NDIR,NDIR,NDIR,NDIR,NDIR,NDIR,NDIR,NDIR,NDIR,NDIR,NDIR,NDIR,NDIR,NDIR,NDIR,NDIR,NDIR,NDIR,NDIR,NDIR,NDIR,NDIR,NDIR,NDIR,NDIR,NDIR,NDIR,NDIR,NDIR,NDIR,NDIR,NDIR,NDIR,NDIR,NDIR,NDIR,NDIR,NDIR,NDIR,NDIR,NDIR,NDIR,NDIR,NDIR,NDIR,NDIR,NDIR,NDIR,NDIR,NDIR,NDIR,NDIR,NDIR,NDIR,NDIR
workload_36.cpp,xcu200-fsgd2104-2-e,5,0.026135,62,0,0,0,0,NDIR,NDIR,NDIR,NDIR,NDIR,NDIR,NDIR,NDIR,NDIR,NDIR,NDIR,NDIR,NDIR,NDIR,NDIR,NDIR,NDIR,NDIR,NDIR,NDIR,NDIR,NDIR,pipeline,NDIR,NDIR,NDIR,NDIR,NDIR,NDIR,NDIR,NDIR,NDIR,NDIR,NDIR,NDIR,NDIR,NDIR,NDIR,NDIR,NDIR,NDIR,NDIR,NDIR,NDIR,NDIR,NDIR,NDIR,NDIR,NDIR,NDIR,NDIR,NDIR,NDIR,NDIR,NDIR,NDIR,NDIR,NDIR,NDIR,NDIR,NDIR,NDIR,NDIR,NDIR,NDIR,NDIR,NDIR,NDIR,NDIR,NDIR,NDIR,NDIR,NDIR,NDIR,NDIR,NDIR,NDIR,NDIR
workload_37.cpp,xcu200-fsgd2104-2-e,5,0.126785,64,0,0,0,0,NDIR,NDIR,NDIR,NDIR,NDIR,NDIR,NDIR,NDIR,NDIR,NDIR,NDIR,NDIR,NDIR,NDIR,NDIR,NDIR,NDIR,NDIR,NDIR,NDIR,NDIR,NDIR,unroll_4,NDIR,NDIR,NDIR,NDIR,NDIR,NDIR,NDIR,NDIR,NDIR,NDIR,NDIR,NDIR,NDIR,NDIR,NDIR,NDIR,NDIR,NDIR,NDIR,NDIR,NDIR,NDIR,NDIR,NDIR,NDIR,NDIR,NDIR,NDIR,NDIR,NDIR,NDIR,NDIR,NDIR,NDIR,NDIR,NDIR,NDIR,NDIR,NDIR,NDIR,NDIR,NDIR,NDIR,NDIR,NDIR,NDIR,NDIR,NDIR,NDIR,NDIR,NDIR,NDIR,NDIR,NDIR,NDIR
workload_38.cpp,xcu200-fsgd2104-2-e,5,0.171745,104,0,1,0,1,NDIR,NDIR,NDIR,NDIR,NDIR,NDIR,NDIR,NDIR,NDIR,NDIR,NDIR,NDIR,NDIR,NDIR,NDIR,NDIR,NDIR,NDIR,NDIR,NDIR,NDIR,NDIR,unroll_32,NDIR,NDIR,NDIR,NDIR,NDIR,NDIR,NDIR,NDIR,NDIR,NDIR,NDIR,NDIR,NDIR,NDIR,NDIR,NDIR,NDIR,NDIR,NDIR,NDIR,NDIR,NDIR,NDIR,NDIR,NDIR,NDIR,NDIR,NDIR,NDIR,NDIR,NDIR,NDIR,NDIR,NDIR,NDIR,NDIR,NDIR,NDIR,NDIR,NDIR,NDIR,NDIR,NDIR,NDIR,NDIR,NDIR,NDIR,NDIR,NDIR,NDIR,NDIR,NDIR,NDIR,NDIR,NDIR
workload_39.cpp,xcu200-fsgd2104-2-e,5,0.175985,216,0,1,1,1,NDIR,NDIR,NDIR,NDIR,NDIR,NDIR,NDIR,NDIR,NDIR,NDIR,NDIR,NDIR,NDIR,NDIR,NDIR,NDIR,NDIR,NDIR,NDIR,NDIR,NDIR,NDIR,unroll_64,NDIR,NDIR,NDIR,NDIR,NDIR,NDIR,NDIR,NDIR,NDIR,NDIR,NDIR,NDIR,NDIR,NDIR,NDIR,NDIR,NDIR,NDIR,NDIR,NDIR,NDIR,NDIR,NDIR,NDIR,NDIR,NDIR,NDIR,NDIR,NDIR,NDIR,NDIR,NDIR,NDIR,NDIR,NDIR,NDIR,NDIR,NDIR,NDIR,NDIR,NDIR,NDIR,NDIR,NDIR,NDIR,NDIR,NDIR,NDIR,NDIR,NDIR,NDIR,NDIR,NDIR,NDIR,NDIR
workload_40.cpp,xcu200-fsgd2104-2-e,3.33,0.01744587,60,0,0,0,0,NDIR,NDIR,NDIR,NDIR,NDIR,NDIR,NDIR,NDIR,NDIR,NDIR,NDIR,NDIR,NDIR,NDIR,NDIR,NDIR,NDIR,NDIR,NDIR,NDIR,NDIR,NDIR,pipeline_1,NDIR,NDIR,NDIR,NDIR,NDIR,NDIR,NDIR,NDIR,NDIR,NDIR,NDIR,NDIR,NDIR,NDIR,NDIR,NDIR,NDIR,NDIR,NDIR,NDIR,NDIR,NDIR,NDIR,NDIR,NDIR,NDIR,NDIR,NDIR,NDIR,NDIR,NDIR,NDIR,NDIR,NDIR,NDIR,NDIR,NDIR,NDIR,NDIR,NDIR,NDIR,NDIR,NDIR,NDIR,NDIR,NDIR,NDIR,NDIR,NDIR,NDIR,NDIR,NDIR,NDIR,NDIR,NDIR
workload_41.cpp,xcu200-fsgd2104-2-e,3.33,0.18076905000000001,60,0,0,0,0,NDIR,NDIR,NDIR,NDIR,NDIR,NDIR,NDIR,NDIR,NDIR,NDIR,NDIR,NDIR,NDIR,NDIR,NDIR,NDIR,NDIR,NDIR,NDIR,NDIR,NDIR,NDIR,unroll_2,NDIR,NDIR,NDIR,NDIR,NDIR,NDIR,NDIR,NDIR,NDIR,NDIR,NDIR,NDIR,NDIR,NDIR,NDIR,NDIR,NDIR,NDIR,NDIR,NDIR,NDIR,NDIR,NDIR,NDIR,NDIR,NDIR,NDIR,NDIR,NDIR,NDIR,NDIR,NDIR,NDIR,NDIR,NDIR,NDIR,NDIR,NDIR,NDIR,NDIR,NDIR,NDIR,NDIR,NDIR,NDIR,NDIR,NDIR,NDIR,NDIR,NDIR,NDIR,NDIR,NDIR,NDIR,NDIR
workload_42.cpp,xcu200-fsgd2104-2-e,3.33,0.05801193,69,0,0,0,0,NDIR,NDIR,NDIR,NDIR,NDIR,NDIR,NDIR,NDIR,NDIR,NDIR,NDIR,NDIR,NDIR,NDIR,NDIR,NDIR,NDIR,NDIR,NDIR,NDIR,NDIR,NDIR,unroll_8,NDIR,NDIR,NDIR,NDIR,NDIR,NDIR,NDIR,NDIR,NDIR,NDIR,NDIR,NDIR,NDIR,NDIR,NDIR,NDIR,NDIR,NDIR,NDIR,NDIR,NDIR,NDIR,NDIR,NDIR,NDIR,NDIR,NDIR,NDIR,NDIR,NDIR,NDIR,NDIR,NDIR,NDIR,NDIR,NDIR,NDIR,NDIR,NDIR,NDIR,NDIR,NDIR,NDIR,NDIR,NDIR,NDIR,NDIR,NDIR,NDIR,NDIR,NDIR,NDIR,NDIR,NDIR,NDIR
workload_43.cpp,xcu200-fsgd2104-2-e,3.33,0.03925737,93,0,0,0,0,NDIR,NDIR,NDIR,NDIR,NDIR,NDIR,NDIR,NDIR,NDIR,NDIR,NDIR,NDIR,NDIR,NDIR,NDIR,NDIR,NDIR,NDIR,NDIR,NDIR,NDIR,NDIR,unroll_16,NDIR,NDIR,NDIR,NDIR,NDIR,NDIR,NDIR,NDIR,NDIR,NDIR,NDIR,NDIR,NDIR,NDIR,NDIR,NDIR,NDIR,NDIR,NDIR,NDIR,NDIR,NDIR,NDIR,NDIR,NDIR,NDIR,NDIR,NDIR,NDIR,NDIR,NDIR,NDIR,NDIR,NDIR,NDIR,NDIR,NDIR,NDIR,NDIR,NDIR,NDIR,NDIR,NDIR,NDIR,NDIR,NDIR,NDIR,NDIR,NDIR,NDIR,NDIR,NDIR,NDIR,NDIR,NDIR
workload_44.cpp,xcu200-fsgd2104-2-e,3.33,0.01744587,59,0,0,0,0,NDIR,NDIR,NDIR,NDIR,NDIR,NDIR,NDIR,NDIR,NDIR,NDIR,NDIR,NDIR,NDIR,NDIR,NDIR,NDIR,NDIR,NDIR,NDIR,NDIR,NDIR,NDIR,pipeline,NDIR,NDIR,NDIR,NDIR,NDIR,NDIR,NDIR,NDIR,NDIR,NDIR,NDIR,NDIR,NDIR,NDIR,NDIR,NDIR,NDIR,NDIR,NDIR,NDIR,NDIR,NDIR,NDIR,NDIR,NDIR,NDIR,NDIR,NDIR,NDIR,NDIR,NDIR,NDIR,NDIR,NDIR,NDIR,NDIR,NDIR,NDIR,NDIR,NDIR,NDIR,NDIR,NDIR,NDIR,NDIR,NDIR,NDIR,NDIR,NDIR,NDIR,NDIR,NDIR,NDIR,NDIR,NDIR
workload_45.cpp,xcu200-fsgd2104-2-e,3.33,0.09893097000000001,63,0,0,0,0,NDIR,NDIR,NDIR,NDIR,NDIR,NDIR,NDIR,NDIR,NDIR,NDIR,NDIR,NDIR,NDIR,NDIR,NDIR,NDIR,NDIR,NDIR,NDIR,NDIR,NDIR,NDIR,unroll_4,NDIR,NDIR,NDIR,NDIR,NDIR,NDIR,NDIR,NDIR,NDIR,NDIR,NDIR,NDIR,NDIR,NDIR,NDIR,NDIR,NDIR,NDIR,NDIR,NDIR,NDIR,NDIR,NDIR,NDIR,NDIR,NDIR,NDIR,NDIR,NDIR,NDIR,NDIR,NDIR,NDIR,NDIR,NDIR,NDIR,NDIR,NDIR,NDIR,NDIR,NDIR,NDIR,NDIR,NDIR,NDIR,NDIR,NDIR,NDIR,NDIR,NDIR,NDIR,NDIR,NDIR,NDIR,NDIR
workload_46.cpp,xcu200-fsgd2104-2-e,3.33,0.11161161,110,0,1,1,1,NDIR,NDIR,NDIR,NDIR,NDIR,NDIR,NDIR,NDIR,NDIR,NDIR,NDIR,NDIR,NDIR,NDIR,NDIR,NDIR,NDIR,NDIR,NDIR,NDIR,NDIR,NDIR,unroll_32,NDIR,NDIR,NDIR,NDIR,NDIR,NDIR,NDIR,NDIR,NDIR,NDIR,NDIR,NDIR,NDIR,NDIR,NDIR,NDIR,NDIR,NDIR,NDIR,NDIR,NDIR,NDIR,NDIR,NDIR,NDIR,NDIR,NDIR,NDIR,NDIR,NDIR,NDIR,NDIR,NDIR,NDIR,NDIR,NDIR,NDIR,NDIR,NDIR,NDIR,NDIR,NDIR,NDIR,NDIR,NDIR,NDIR,NDIR,NDIR,NDIR,NDIR,NDIR,NDIR,NDIR,NDIR,NDIR
workload_47.cpp,xcu200-fsgd2104-2-e,3.33,0.12466521000000001,227,0,1,1,1,NDIR,NDIR,NDIR,NDIR,NDIR,NDIR,NDIR,NDIR,NDIR,NDIR,NDIR,NDIR,NDIR,NDIR,NDIR,NDIR,NDIR,NDIR,NDIR,NDIR,NDIR,NDIR,unroll_64,NDIR,NDIR,NDIR,NDIR,NDIR,NDIR,NDIR,NDIR,NDIR,NDIR,NDIR,NDIR,NDIR,NDIR,NDIR,NDIR,NDIR,NDIR,NDIR,NDIR,NDIR,NDIR,NDIR,NDIR,NDIR,NDIR,NDIR,NDIR,NDIR,NDIR,NDIR,NDIR,NDIR,NDIR,NDIR,NDIR,NDIR,NDIR,NDIR,NDIR,NDIR,NDIR,NDIR,NDIR,NDIR,NDIR,NDIR,NDIR,NDIR,NDIR,NDIR,NDIR,NDIR,NDIR,NDIR
